,Class
0,blanket1
1,blanket1
2,blanket1
3,blanket1
4,blanket1
5,blanket1
6,blanket1
7,blanket1
8,blanket1
9,blanket1
10,blanket1
11,blanket1
12,blanket1
13,blanket1
14,blanket1
15,blanket1
16,blanket1
17,blanket1
18,blanket1
19,blanket1
20,blanket1
21,blanket1
22,blanket1
23,blanket1
24,blanket1
25,blanket1
26,blanket1
27,blanket1
28,blanket1
29,blanket1
30,blanket1
31,blanket1
32,blanket1
33,blanket1
34,blanket1
35,blanket1
36,blanket1
37,blanket1
38,blanket1
39,blanket1
40,blanket1
41,blanket1
42,blanket1
43,blanket1
44,blanket1
45,blanket1
46,blanket1
47,blanket1
48,blanket1
49,blanket1
50,blanket1
51,blanket1
52,blanket1
53,blanket1
54,blanket1
55,blanket1
56,blanket1
57,blanket1
58,blanket1
59,blanket1
60,blanket1
61,blanket1
62,blanket1
63,blanket1
64,blanket1
65,blanket1
66,blanket1
67,blanket1
68,blanket1
69,blanket1
70,blanket1
71,blanket1
72,blanket1
73,blanket1
74,blanket1
75,blanket1
76,blanket1
77,blanket1
78,blanket1
79,blanket1
80,blanket1
81,blanket1
82,blanket1
83,blanket1
84,blanket1
85,blanket1
86,blanket1
87,blanket1
88,blanket1
89,blanket1
90,blanket1
91,blanket1
92,blanket1
93,blanket1
94,blanket1
95,blanket1
96,blanket1
97,blanket1
98,blanket1
99,blanket1
100,blanket1
101,blanket1
102,blanket1
103,blanket1
104,blanket1
105,blanket1
106,blanket1
107,blanket1
108,blanket1
109,blanket1
110,blanket1
111,blanket1
112,blanket1
113,blanket1
114,blanket1
115,blanket1
116,blanket1
117,blanket1
118,blanket1
119,blanket1
120,blanket1
121,blanket1
122,blanket1
123,blanket1
124,blanket1
125,blanket1
126,blanket1
127,blanket1
128,blanket1
129,blanket1
130,blanket1
131,blanket1
132,blanket1
133,blanket1
134,blanket1
135,blanket1
136,blanket1
137,blanket1
138,blanket1
139,blanket1
140,blanket1
141,blanket1
142,blanket1
143,blanket1
144,blanket1
145,blanket1
146,blanket1
147,blanket1
148,blanket1
149,blanket1
150,blanket1
151,blanket1
152,blanket1
153,blanket1
154,blanket1
155,blanket1
156,blanket1
157,blanket1
158,blanket1
159,blanket1
160,blanket1
161,blanket1
162,blanket1
163,blanket1
164,blanket1
165,blanket1
166,blanket1
167,blanket1
168,blanket1
169,blanket1
170,blanket1
171,blanket1
172,blanket1
173,blanket1
174,blanket1
175,blanket1
176,blanket1
177,blanket1
178,blanket1
179,blanket1
180,blanket1
181,blanket1
182,blanket1
183,blanket1
184,blanket1
185,blanket1
186,blanket1
187,blanket1
188,blanket1
189,blanket1
190,blanket1
191,blanket1
192,blanket1
193,blanket1
194,blanket1
195,blanket1
196,blanket1
197,blanket1
198,blanket1
199,blanket1
200,blanket2
201,blanket2
202,blanket2
203,blanket2
204,blanket2
205,blanket2
206,blanket2
207,blanket2
208,blanket2
209,blanket2
210,blanket2
211,blanket2
212,blanket2
213,blanket2
214,blanket2
215,blanket2
216,blanket2
217,blanket2
218,blanket2
219,blanket2
220,blanket2
221,blanket2
222,blanket2
223,blanket2
224,blanket2
225,blanket2
226,blanket2
227,blanket2
228,blanket2
229,blanket2
230,blanket2
231,blanket2
232,blanket2
233,blanket2
234,blanket2
235,blanket2
236,blanket2
237,blanket2
238,blanket2
239,blanket2
240,blanket2
241,blanket2
242,blanket2
243,blanket2
244,blanket2
245,blanket2
246,blanket2
247,blanket2
248,blanket2
249,blanket2
250,blanket2
251,blanket2
252,blanket2
253,blanket2
254,blanket2
255,blanket2
256,blanket2
257,blanket2
258,blanket2
259,blanket2
260,blanket2
261,blanket2
262,blanket2
263,blanket2
264,blanket2
265,blanket2
266,blanket2
267,blanket2
268,blanket2
269,blanket2
270,blanket2
271,blanket2
272,blanket2
273,blanket2
274,blanket2
275,blanket2
276,blanket2
277,blanket2
278,blanket2
279,blanket2
280,blanket2
281,blanket2
282,blanket2
283,blanket2
284,blanket2
285,blanket2
286,blanket2
287,blanket2
288,blanket2
289,blanket2
290,blanket2
291,blanket2
292,blanket2
293,blanket2
294,blanket2
295,blanket2
296,blanket2
297,blanket2
298,blanket2
299,blanket2
300,blanket2
301,blanket2
302,blanket2
303,blanket2
304,blanket2
305,blanket2
306,blanket2
307,blanket2
308,blanket2
309,blanket2
310,blanket2
311,blanket2
312,blanket2
313,blanket2
314,blanket2
315,blanket2
316,blanket2
317,blanket2
318,blanket2
319,blanket2
320,blanket2
321,blanket2
322,blanket2
323,blanket2
324,blanket2
325,blanket2
326,blanket2
327,blanket2
328,blanket2
329,blanket2
330,blanket2
331,blanket2
332,blanket2
333,blanket2
334,blanket2
335,blanket2
336,blanket2
337,blanket2
338,blanket2
339,blanket2
340,blanket2
341,blanket2
342,blanket2
343,blanket2
344,blanket2
345,blanket2
346,blanket2
347,blanket2
348,blanket2
349,blanket2
350,blanket2
351,blanket2
352,blanket2
353,blanket2
354,blanket2
355,blanket2
356,blanket2
357,blanket2
358,blanket2
359,blanket2
360,blanket2
361,blanket2
362,blanket2
363,blanket2
364,blanket2
365,blanket2
366,blanket2
367,blanket2
368,blanket2
369,blanket2
370,blanket2
371,blanket2
372,blanket2
373,blanket2
374,blanket2
375,blanket2
376,blanket2
377,blanket2
378,blanket2
379,blanket2
380,blanket2
381,blanket2
382,blanket2
383,blanket2
384,blanket2
385,blanket2
386,blanket2
387,blanket2
388,blanket2
389,blanket2
390,blanket2
391,blanket2
392,blanket2
393,blanket2
394,blanket2
395,blanket2
396,blanket2
397,blanket2
398,blanket2
399,blanket2
400,canvas1
401,canvas1
402,canvas1
403,canvas1
404,canvas1
405,canvas1
406,canvas1
407,canvas1
408,canvas1
409,canvas1
410,canvas1
411,canvas1
412,canvas1
413,canvas1
414,canvas1
415,canvas1
416,canvas1
417,canvas1
418,canvas1
419,canvas1
420,canvas1
421,canvas1
422,canvas1
423,canvas1
424,canvas1
425,canvas1
426,canvas1
427,canvas1
428,canvas1
429,canvas1
430,canvas1
431,canvas1
432,canvas1
433,canvas1
434,canvas1
435,canvas1
436,canvas1
437,canvas1
438,canvas1
439,canvas1
440,canvas1
441,canvas1
442,canvas1
443,canvas1
444,canvas1
445,canvas1
446,canvas1
447,canvas1
448,canvas1
449,canvas1
450,canvas1
451,canvas1
452,canvas1
453,canvas1
454,canvas1
455,canvas1
456,canvas1
457,canvas1
458,canvas1
459,canvas1
460,canvas1
461,canvas1
462,canvas1
463,canvas1
464,canvas1
465,canvas1
466,canvas1
467,canvas1
468,canvas1
469,canvas1
470,canvas1
471,canvas1
472,canvas1
473,canvas1
474,canvas1
475,canvas1
476,canvas1
477,canvas1
478,canvas1
479,canvas1
480,canvas1
481,canvas1
482,canvas1
483,canvas1
484,canvas1
485,canvas1
486,canvas1
487,canvas1
488,canvas1
489,canvas1
490,canvas1
491,canvas1
492,canvas1
493,canvas1
494,canvas1
495,canvas1
496,canvas1
497,canvas1
498,canvas1
499,canvas1
500,canvas1
501,canvas1
502,canvas1
503,canvas1
504,canvas1
505,canvas1
506,canvas1
507,canvas1
508,canvas1
509,canvas1
510,canvas1
511,canvas1
512,canvas1
513,canvas1
514,canvas1
515,canvas1
516,canvas1
517,canvas1
518,canvas1
519,canvas1
520,canvas1
521,canvas1
522,canvas1
523,canvas1
524,canvas1
525,canvas1
526,canvas1
527,canvas1
528,canvas1
529,canvas1
530,canvas1
531,canvas1
532,canvas1
533,canvas1
534,canvas1
535,canvas1
536,canvas1
537,canvas1
538,canvas1
539,canvas1
540,canvas1
541,canvas1
542,canvas1
543,canvas1
544,canvas1
545,canvas1
546,canvas1
547,canvas1
548,canvas1
549,canvas1
550,canvas1
551,canvas1
552,canvas1
553,canvas1
554,canvas1
555,canvas1
556,canvas1
557,canvas1
558,canvas1
559,canvas1
560,canvas1
561,canvas1
562,canvas1
563,canvas1
564,canvas1
565,canvas1
566,canvas1
567,canvas1
568,canvas1
569,canvas1
570,canvas1
571,canvas1
572,canvas1
573,canvas1
574,canvas1
575,canvas1
576,canvas1
577,canvas1
578,canvas1
579,canvas1
580,canvas1
581,canvas1
582,canvas1
583,canvas1
584,canvas1
585,canvas1
586,canvas1
587,canvas1
588,canvas1
589,canvas1
590,canvas1
591,canvas1
592,canvas1
593,canvas1
594,canvas1
595,canvas1
596,canvas1
597,canvas1
598,canvas1
599,canvas1
600,ceiling1
601,ceiling1
602,ceiling1
603,ceiling1
604,ceiling1
605,ceiling1
606,ceiling1
607,ceiling1
608,ceiling1
609,ceiling1
610,ceiling1
611,ceiling1
612,ceiling1
613,ceiling1
614,ceiling1
615,ceiling1
616,ceiling1
617,ceiling1
618,ceiling1
619,ceiling1
620,ceiling1
621,ceiling1
622,ceiling1
623,ceiling1
624,ceiling1
625,ceiling1
626,ceiling1
627,ceiling1
628,ceiling1
629,ceiling1
630,ceiling1
631,ceiling1
632,ceiling1
633,ceiling1
634,ceiling1
635,ceiling1
636,ceiling1
637,ceiling1
638,ceiling1
639,ceiling1
640,ceiling1
641,ceiling1
642,ceiling1
643,ceiling1
644,ceiling1
645,ceiling1
646,ceiling1
647,ceiling1
648,ceiling1
649,ceiling1
650,ceiling1
651,ceiling1
652,ceiling1
653,ceiling1
654,ceiling1
655,ceiling1
656,ceiling1
657,ceiling1
658,ceiling1
659,ceiling1
660,ceiling1
661,ceiling1
662,ceiling1
663,ceiling1
664,ceiling1
665,ceiling1
666,ceiling1
667,ceiling1
668,ceiling1
669,ceiling1
670,ceiling1
671,ceiling1
672,ceiling1
673,ceiling1
674,ceiling1
675,ceiling1
676,ceiling1
677,ceiling1
678,ceiling1
679,ceiling1
680,ceiling1
681,ceiling1
682,ceiling1
683,ceiling1
684,ceiling1
685,ceiling1
686,ceiling1
687,ceiling1
688,ceiling1
689,ceiling1
690,ceiling1
691,ceiling1
692,ceiling1
693,ceiling1
694,ceiling1
695,ceiling1
696,ceiling1
697,ceiling1
698,ceiling1
699,ceiling1
700,ceiling1
701,ceiling1
702,ceiling1
703,ceiling1
704,ceiling1
705,ceiling1
706,ceiling1
707,ceiling1
708,ceiling1
709,ceiling1
710,ceiling1
711,ceiling1
712,ceiling1
713,ceiling1
714,ceiling1
715,ceiling1
716,ceiling1
717,ceiling1
718,ceiling1
719,ceiling1
720,ceiling1
721,ceiling1
722,ceiling1
723,ceiling1
724,ceiling1
725,ceiling1
726,ceiling1
727,ceiling1
728,ceiling1
729,ceiling1
730,ceiling1
731,ceiling1
732,ceiling1
733,ceiling1
734,ceiling1
735,ceiling1
736,ceiling1
737,ceiling1
738,ceiling1
739,ceiling1
740,ceiling1
741,ceiling1
742,ceiling1
743,ceiling1
744,ceiling1
745,ceiling1
746,ceiling1
747,ceiling1
748,ceiling1
749,ceiling1
750,ceiling1
751,ceiling1
752,ceiling1
753,ceiling1
754,ceiling1
755,ceiling1
756,ceiling1
757,ceiling1
758,ceiling1
759,ceiling1
760,ceiling1
761,ceiling1
762,ceiling1
763,ceiling1
764,ceiling1
765,ceiling1
766,ceiling1
767,ceiling1
768,ceiling1
769,ceiling1
770,ceiling1
771,ceiling1
772,ceiling1
773,ceiling1
774,ceiling1
775,ceiling1
776,ceiling1
777,ceiling1
778,ceiling1
779,ceiling1
780,ceiling1
781,ceiling1
782,ceiling1
783,ceiling1
784,ceiling1
785,ceiling1
786,ceiling1
787,ceiling1
788,ceiling1
789,ceiling1
790,ceiling1
791,ceiling1
792,ceiling1
793,ceiling1
794,ceiling1
795,ceiling1
796,ceiling1
797,ceiling1
798,ceiling1
799,ceiling1
800,ceiling2
801,ceiling2
802,ceiling2
803,ceiling2
804,ceiling2
805,ceiling2
806,ceiling2
807,ceiling2
808,ceiling2
809,ceiling2
810,ceiling2
811,ceiling2
812,ceiling2
813,ceiling2
814,ceiling2
815,ceiling2
816,ceiling2
817,ceiling2
818,ceiling2
819,ceiling2
820,ceiling2
821,ceiling2
822,ceiling2
823,ceiling2
824,ceiling2
825,ceiling2
826,ceiling2
827,ceiling2
828,ceiling2
829,ceiling2
830,ceiling2
831,ceiling2
832,ceiling2
833,ceiling2
834,ceiling2
835,ceiling2
836,ceiling2
837,ceiling2
838,ceiling2
839,ceiling2
840,ceiling2
841,ceiling2
842,ceiling2
843,ceiling2
844,ceiling2
845,ceiling2
846,ceiling2
847,ceiling2
848,ceiling2
849,ceiling2
850,ceiling2
851,ceiling2
852,ceiling2
853,ceiling2
854,ceiling2
855,ceiling2
856,ceiling2
857,ceiling2
858,ceiling2
859,ceiling2
860,ceiling2
861,ceiling2
862,ceiling2
863,ceiling2
864,ceiling2
865,ceiling2
866,ceiling2
867,ceiling2
868,ceiling2
869,ceiling2
870,ceiling2
871,ceiling2
872,ceiling2
873,ceiling2
874,ceiling2
875,ceiling2
876,ceiling2
877,ceiling2
878,ceiling2
879,ceiling2
880,ceiling2
881,ceiling2
882,ceiling2
883,ceiling2
884,ceiling2
885,ceiling2
886,ceiling2
887,ceiling2
888,ceiling2
889,ceiling2
890,ceiling2
891,ceiling2
892,ceiling2
893,ceiling2
894,ceiling2
895,ceiling2
896,ceiling2
897,ceiling2
898,ceiling2
899,ceiling2
900,ceiling2
901,ceiling2
902,ceiling2
903,ceiling2
904,ceiling2
905,ceiling2
906,ceiling2
907,ceiling2
908,ceiling2
909,ceiling2
910,ceiling2
911,ceiling2
912,ceiling2
913,ceiling2
914,ceiling2
915,ceiling2
916,ceiling2
917,ceiling2
918,ceiling2
919,ceiling2
920,ceiling2
921,ceiling2
922,ceiling2
923,ceiling2
924,ceiling2
925,ceiling2
926,ceiling2
927,ceiling2
928,ceiling2
929,ceiling2
930,ceiling2
931,ceiling2
932,ceiling2
933,ceiling2
934,ceiling2
935,ceiling2
936,ceiling2
937,ceiling2
938,ceiling2
939,ceiling2
940,ceiling2
941,ceiling2
942,ceiling2
943,ceiling2
944,ceiling2
945,ceiling2
946,ceiling2
947,ceiling2
948,ceiling2
949,ceiling2
950,ceiling2
951,ceiling2
952,ceiling2
953,ceiling2
954,ceiling2
955,ceiling2
956,ceiling2
957,ceiling2
958,ceiling2
959,ceiling2
960,ceiling2
961,ceiling2
962,ceiling2
963,ceiling2
964,ceiling2
965,ceiling2
966,ceiling2
967,ceiling2
968,ceiling2
969,ceiling2
970,ceiling2
971,ceiling2
972,ceiling2
973,ceiling2
974,ceiling2
975,ceiling2
976,ceiling2
977,ceiling2
978,ceiling2
979,ceiling2
980,ceiling2
981,ceiling2
982,ceiling2
983,ceiling2
984,ceiling2
985,ceiling2
986,ceiling2
987,ceiling2
988,ceiling2
989,ceiling2
990,ceiling2
991,ceiling2
992,ceiling2
993,ceiling2
994,ceiling2
995,ceiling2
996,ceiling2
997,ceiling2
998,ceiling2
999,ceiling2
1000,cushion1
1001,cushion1
1002,cushion1
1003,cushion1
1004,cushion1
1005,cushion1
1006,cushion1
1007,cushion1
1008,cushion1
1009,cushion1
1010,cushion1
1011,cushion1
1012,cushion1
1013,cushion1
1014,cushion1
1015,cushion1
1016,cushion1
1017,cushion1
1018,cushion1
1019,cushion1
1020,cushion1
1021,cushion1
1022,cushion1
1023,cushion1
1024,cushion1
1025,cushion1
1026,cushion1
1027,cushion1
1028,cushion1
1029,cushion1
1030,cushion1
1031,cushion1
1032,cushion1
1033,cushion1
1034,cushion1
1035,cushion1
1036,cushion1
1037,cushion1
1038,cushion1
1039,cushion1
1040,cushion1
1041,cushion1
1042,cushion1
1043,cushion1
1044,cushion1
1045,cushion1
1046,cushion1
1047,cushion1
1048,cushion1
1049,cushion1
1050,cushion1
1051,cushion1
1052,cushion1
1053,cushion1
1054,cushion1
1055,cushion1
1056,cushion1
1057,cushion1
1058,cushion1
1059,cushion1
1060,cushion1
1061,cushion1
1062,cushion1
1063,cushion1
1064,cushion1
1065,cushion1
1066,cushion1
1067,cushion1
1068,cushion1
1069,cushion1
1070,cushion1
1071,cushion1
1072,cushion1
1073,cushion1
1074,cushion1
1075,cushion1
1076,cushion1
1077,cushion1
1078,cushion1
1079,cushion1
1080,cushion1
1081,cushion1
1082,cushion1
1083,cushion1
1084,cushion1
1085,cushion1
1086,cushion1
1087,cushion1
1088,cushion1
1089,cushion1
1090,cushion1
1091,cushion1
1092,cushion1
1093,cushion1
1094,cushion1
1095,cushion1
1096,cushion1
1097,cushion1
1098,cushion1
1099,cushion1
1100,cushion1
1101,cushion1
1102,cushion1
1103,cushion1
1104,cushion1
1105,cushion1
1106,cushion1
1107,cushion1
1108,cushion1
1109,cushion1
1110,cushion1
1111,cushion1
1112,cushion1
1113,cushion1
1114,cushion1
1115,cushion1
1116,cushion1
1117,cushion1
1118,cushion1
1119,cushion1
1120,cushion1
1121,cushion1
1122,cushion1
1123,cushion1
1124,cushion1
1125,cushion1
1126,cushion1
1127,cushion1
1128,cushion1
1129,cushion1
1130,cushion1
1131,cushion1
1132,cushion1
1133,cushion1
1134,cushion1
1135,cushion1
1136,cushion1
1137,cushion1
1138,cushion1
1139,cushion1
1140,cushion1
1141,cushion1
1142,cushion1
1143,cushion1
1144,cushion1
1145,cushion1
1146,cushion1
1147,cushion1
1148,cushion1
1149,cushion1
1150,cushion1
1151,cushion1
1152,cushion1
1153,cushion1
1154,cushion1
1155,cushion1
1156,cushion1
1157,cushion1
1158,cushion1
1159,cushion1
1160,cushion1
1161,cushion1
1162,cushion1
1163,cushion1
1164,cushion1
1165,cushion1
1166,cushion1
1167,cushion1
1168,cushion1
1169,cushion1
1170,cushion1
1171,cushion1
1172,cushion1
1173,cushion1
1174,cushion1
1175,cushion1
1176,cushion1
1177,cushion1
1178,cushion1
1179,cushion1
1180,cushion1
1181,cushion1
1182,cushion1
1183,cushion1
1184,cushion1
1185,cushion1
1186,cushion1
1187,cushion1
1188,cushion1
1189,cushion1
1190,cushion1
1191,cushion1
1192,cushion1
1193,cushion1
1194,cushion1
1195,cushion1
1196,cushion1
1197,cushion1
1198,cushion1
1199,cushion1
1200,floor1
1201,floor1
1202,floor1
1203,floor1
1204,floor1
1205,floor1
1206,floor1
1207,floor1
1208,floor1
1209,floor1
1210,floor1
1211,floor1
1212,floor1
1213,floor1
1214,floor1
1215,floor1
1216,floor1
1217,floor1
1218,floor1
1219,floor1
1220,floor1
1221,floor1
1222,floor1
1223,floor1
1224,floor1
1225,floor1
1226,floor1
1227,floor1
1228,floor1
1229,floor1
1230,floor1
1231,floor1
1232,floor1
1233,floor1
1234,floor1
1235,floor1
1236,floor1
1237,floor1
1238,floor1
1239,floor1
1240,floor1
1241,floor1
1242,floor1
1243,floor1
1244,floor1
1245,floor1
1246,floor1
1247,floor1
1248,floor1
1249,floor1
1250,floor1
1251,floor1
1252,floor1
1253,floor1
1254,floor1
1255,floor1
1256,floor1
1257,floor1
1258,floor1
1259,floor1
1260,floor1
1261,floor1
1262,floor1
1263,floor1
1264,floor1
1265,floor1
1266,floor1
1267,floor1
1268,floor1
1269,floor1
1270,floor1
1271,floor1
1272,floor1
1273,floor1
1274,floor1
1275,floor1
1276,floor1
1277,floor1
1278,floor1
1279,floor1
1280,floor1
1281,floor1
1282,floor1
1283,floor1
1284,floor1
1285,floor1
1286,floor1
1287,floor1
1288,floor1
1289,floor1
1290,floor1
1291,floor1
1292,floor1
1293,floor1
1294,floor1
1295,floor1
1296,floor1
1297,floor1
1298,floor1
1299,floor1
1300,floor1
1301,floor1
1302,floor1
1303,floor1
1304,floor1
1305,floor1
1306,floor1
1307,floor1
1308,floor1
1309,floor1
1310,floor1
1311,floor1
1312,floor1
1313,floor1
1314,floor1
1315,floor1
1316,floor1
1317,floor1
1318,floor1
1319,floor1
1320,floor1
1321,floor1
1322,floor1
1323,floor1
1324,floor1
1325,floor1
1326,floor1
1327,floor1
1328,floor1
1329,floor1
1330,floor1
1331,floor1
1332,floor1
1333,floor1
1334,floor1
1335,floor1
1336,floor1
1337,floor1
1338,floor1
1339,floor1
1340,floor1
1341,floor1
1342,floor1
1343,floor1
1344,floor1
1345,floor1
1346,floor1
1347,floor1
1348,floor1
1349,floor1
1350,floor1
1351,floor1
1352,floor1
1353,floor1
1354,floor1
1355,floor1
1356,floor1
1357,floor1
1358,floor1
1359,floor1
1360,floor1
1361,floor1
1362,floor1
1363,floor1
1364,floor1
1365,floor1
1366,floor1
1367,floor1
1368,floor1
1369,floor1
1370,floor1
1371,floor1
1372,floor1
1373,floor1
1374,floor1
1375,floor1
1376,floor1
1377,floor1
1378,floor1
1379,floor1
1380,floor1
1381,floor1
1382,floor1
1383,floor1
1384,floor1
1385,floor1
1386,floor1
1387,floor1
1388,floor1
1389,floor1
1390,floor1
1391,floor1
1392,floor1
1393,floor1
1394,floor1
1395,floor1
1396,floor1
1397,floor1
1398,floor1
1399,floor1
1400,floor2
1401,floor2
1402,floor2
1403,floor2
1404,floor2
1405,floor2
1406,floor2
1407,floor2
1408,floor2
1409,floor2
1410,floor2
1411,floor2
1412,floor2
1413,floor2
1414,floor2
1415,floor2
1416,floor2
1417,floor2
1418,floor2
1419,floor2
1420,floor2
1421,floor2
1422,floor2
1423,floor2
1424,floor2
1425,floor2
1426,floor2
1427,floor2
1428,floor2
1429,floor2
1430,floor2
1431,floor2
1432,floor2
1433,floor2
1434,floor2
1435,floor2
1436,floor2
1437,floor2
1438,floor2
1439,floor2
1440,floor2
1441,floor2
1442,floor2
1443,floor2
1444,floor2
1445,floor2
1446,floor2
1447,floor2
1448,floor2
1449,floor2
1450,floor2
1451,floor2
1452,floor2
1453,floor2
1454,floor2
1455,floor2
1456,floor2
1457,floor2
1458,floor2
1459,floor2
1460,floor2
1461,floor2
1462,floor2
1463,floor2
1464,floor2
1465,floor2
1466,floor2
1467,floor2
1468,floor2
1469,floor2
1470,floor2
1471,floor2
1472,floor2
1473,floor2
1474,floor2
1475,floor2
1476,floor2
1477,floor2
1478,floor2
1479,floor2
1480,floor2
1481,floor2
1482,floor2
1483,floor2
1484,floor2
1485,floor2
1486,floor2
1487,floor2
1488,floor2
1489,floor2
1490,floor2
1491,floor2
1492,floor2
1493,floor2
1494,floor2
1495,floor2
1496,floor2
1497,floor2
1498,floor2
1499,floor2
1500,floor2
1501,floor2
1502,floor2
1503,floor2
1504,floor2
1505,floor2
1506,floor2
1507,floor2
1508,floor2
1509,floor2
1510,floor2
1511,floor2
1512,floor2
1513,floor2
1514,floor2
1515,floor2
1516,floor2
1517,floor2
1518,floor2
1519,floor2
1520,floor2
1521,floor2
1522,floor2
1523,floor2
1524,floor2
1525,floor2
1526,floor2
1527,floor2
1528,floor2
1529,floor2
1530,floor2
1531,floor2
1532,floor2
1533,floor2
1534,floor2
1535,floor2
1536,floor2
1537,floor2
1538,floor2
1539,floor2
1540,floor2
1541,floor2
1542,floor2
1543,floor2
1544,floor2
1545,floor2
1546,floor2
1547,floor2
1548,floor2
1549,floor2
1550,floor2
1551,floor2
1552,floor2
1553,floor2
1554,floor2
1555,floor2
1556,floor2
1557,floor2
1558,floor2
1559,floor2
1560,floor2
1561,floor2
1562,floor2
1563,floor2
1564,floor2
1565,floor2
1566,floor2
1567,floor2
1568,floor2
1569,floor2
1570,floor2
1571,floor2
1572,floor2
1573,floor2
1574,floor2
1575,floor2
1576,floor2
1577,floor2
1578,floor2
1579,floor2
1580,floor2
1581,floor2
1582,floor2
1583,floor2
1584,floor2
1585,floor2
1586,floor2
1587,floor2
1588,floor2
1589,floor2
1590,floor2
1591,floor2
1592,floor2
1593,floor2
1594,floor2
1595,floor2
1596,floor2
1597,floor2
1598,floor2
1599,floor2
1600,grass1
1601,grass1
1602,grass1
1603,grass1
1604,grass1
1605,grass1
1606,grass1
1607,grass1
1608,grass1
1609,grass1
1610,grass1
1611,grass1
1612,grass1
1613,grass1
1614,grass1
1615,grass1
1616,grass1
1617,grass1
1618,grass1
1619,grass1
1620,grass1
1621,grass1
1622,grass1
1623,grass1
1624,grass1
1625,grass1
1626,grass1
1627,grass1
1628,grass1
1629,grass1
1630,grass1
1631,grass1
1632,grass1
1633,grass1
1634,grass1
1635,grass1
1636,grass1
1637,grass1
1638,grass1
1639,grass1
1640,grass1
1641,grass1
1642,grass1
1643,grass1
1644,grass1
1645,grass1
1646,grass1
1647,grass1
1648,grass1
1649,grass1
1650,grass1
1651,grass1
1652,grass1
1653,grass1
1654,grass1
1655,grass1
1656,grass1
1657,grass1
1658,grass1
1659,grass1
1660,grass1
1661,grass1
1662,grass1
1663,grass1
1664,grass1
1665,grass1
1666,grass1
1667,grass1
1668,grass1
1669,grass1
1670,grass1
1671,grass1
1672,grass1
1673,grass1
1674,grass1
1675,grass1
1676,grass1
1677,grass1
1678,grass1
1679,grass1
1680,grass1
1681,grass1
1682,grass1
1683,grass1
1684,grass1
1685,grass1
1686,grass1
1687,grass1
1688,grass1
1689,grass1
1690,grass1
1691,grass1
1692,grass1
1693,grass1
1694,grass1
1695,grass1
1696,grass1
1697,grass1
1698,grass1
1699,grass1
1700,grass1
1701,grass1
1702,grass1
1703,grass1
1704,grass1
1705,grass1
1706,grass1
1707,grass1
1708,grass1
1709,grass1
1710,grass1
1711,grass1
1712,grass1
1713,grass1
1714,grass1
1715,grass1
1716,grass1
1717,grass1
1718,grass1
1719,grass1
1720,grass1
1721,grass1
1722,grass1
1723,grass1
1724,grass1
1725,grass1
1726,grass1
1727,grass1
1728,grass1
1729,grass1
1730,grass1
1731,grass1
1732,grass1
1733,grass1
1734,grass1
1735,grass1
1736,grass1
1737,grass1
1738,grass1
1739,grass1
1740,grass1
1741,grass1
1742,grass1
1743,grass1
1744,grass1
1745,grass1
1746,grass1
1747,grass1
1748,grass1
1749,grass1
1750,grass1
1751,grass1
1752,grass1
1753,grass1
1754,grass1
1755,grass1
1756,grass1
1757,grass1
1758,grass1
1759,grass1
1760,grass1
1761,grass1
1762,grass1
1763,grass1
1764,grass1
1765,grass1
1766,grass1
1767,grass1
1768,grass1
1769,grass1
1770,grass1
1771,grass1
1772,grass1
1773,grass1
1774,grass1
1775,grass1
1776,grass1
1777,grass1
1778,grass1
1779,grass1
1780,grass1
1781,grass1
1782,grass1
1783,grass1
1784,grass1
1785,grass1
1786,grass1
1787,grass1
1788,grass1
1789,grass1
1790,grass1
1791,grass1
1792,grass1
1793,grass1
1794,grass1
1795,grass1
1796,grass1
1797,grass1
1798,grass1
1799,grass1
1800,lentils1
1801,lentils1
1802,lentils1
1803,lentils1
1804,lentils1
1805,lentils1
1806,lentils1
1807,lentils1
1808,lentils1
1809,lentils1
1810,lentils1
1811,lentils1
1812,lentils1
1813,lentils1
1814,lentils1
1815,lentils1
1816,lentils1
1817,lentils1
1818,lentils1
1819,lentils1
1820,lentils1
1821,lentils1
1822,lentils1
1823,lentils1
1824,lentils1
1825,lentils1
1826,lentils1
1827,lentils1
1828,lentils1
1829,lentils1
1830,lentils1
1831,lentils1
1832,lentils1
1833,lentils1
1834,lentils1
1835,lentils1
1836,lentils1
1837,lentils1
1838,lentils1
1839,lentils1
1840,lentils1
1841,lentils1
1842,lentils1
1843,lentils1
1844,lentils1
1845,lentils1
1846,lentils1
1847,lentils1
1848,lentils1
1849,lentils1
1850,lentils1
1851,lentils1
1852,lentils1
1853,lentils1
1854,lentils1
1855,lentils1
1856,lentils1
1857,lentils1
1858,lentils1
1859,lentils1
1860,lentils1
1861,lentils1
1862,lentils1
1863,lentils1
1864,lentils1
1865,lentils1
1866,lentils1
1867,lentils1
1868,lentils1
1869,lentils1
1870,lentils1
1871,lentils1
1872,lentils1
1873,lentils1
1874,lentils1
1875,lentils1
1876,lentils1
1877,lentils1
1878,lentils1
1879,lentils1
1880,lentils1
1881,lentils1
1882,lentils1
1883,lentils1
1884,lentils1
1885,lentils1
1886,lentils1
1887,lentils1
1888,lentils1
1889,lentils1
1890,lentils1
1891,lentils1
1892,lentils1
1893,lentils1
1894,lentils1
1895,lentils1
1896,lentils1
1897,lentils1
1898,lentils1
1899,lentils1
1900,lentils1
1901,lentils1
1902,lentils1
1903,lentils1
1904,lentils1
1905,lentils1
1906,lentils1
1907,lentils1
1908,lentils1
1909,lentils1
1910,lentils1
1911,lentils1
1912,lentils1
1913,lentils1
1914,lentils1
1915,lentils1
1916,lentils1
1917,lentils1
1918,lentils1
1919,lentils1
1920,lentils1
1921,lentils1
1922,lentils1
1923,lentils1
1924,lentils1
1925,lentils1
1926,lentils1
1927,lentils1
1928,lentils1
1929,lentils1
1930,lentils1
1931,lentils1
1932,lentils1
1933,lentils1
1934,lentils1
1935,lentils1
1936,lentils1
1937,lentils1
1938,lentils1
1939,lentils1
1940,lentils1
1941,lentils1
1942,lentils1
1943,lentils1
1944,lentils1
1945,lentils1
1946,lentils1
1947,lentils1
1948,lentils1
1949,lentils1
1950,lentils1
1951,lentils1
1952,lentils1
1953,lentils1
1954,lentils1
1955,lentils1
1956,lentils1
1957,lentils1
1958,lentils1
1959,lentils1
1960,lentils1
1961,lentils1
1962,lentils1
1963,lentils1
1964,lentils1
1965,lentils1
1966,lentils1
1967,lentils1
1968,lentils1
1969,lentils1
1970,lentils1
1971,lentils1
1972,lentils1
1973,lentils1
1974,lentils1
1975,lentils1
1976,lentils1
1977,lentils1
1978,lentils1
1979,lentils1
1980,lentils1
1981,lentils1
1982,lentils1
1983,lentils1
1984,lentils1
1985,lentils1
1986,lentils1
1987,lentils1
1988,lentils1
1989,lentils1
1990,lentils1
1991,lentils1
1992,lentils1
1993,lentils1
1994,lentils1
1995,lentils1
1996,lentils1
1997,lentils1
1998,lentils1
1999,lentils1
2000,linseed1
2001,linseed1
2002,linseed1
2003,linseed1
2004,linseed1
2005,linseed1
2006,linseed1
2007,linseed1
2008,linseed1
2009,linseed1
2010,linseed1
2011,linseed1
2012,linseed1
2013,linseed1
2014,linseed1
2015,linseed1
2016,linseed1
2017,linseed1
2018,linseed1
2019,linseed1
2020,linseed1
2021,linseed1
2022,linseed1
2023,linseed1
2024,linseed1
2025,linseed1
2026,linseed1
2027,linseed1
2028,linseed1
2029,linseed1
2030,linseed1
2031,linseed1
2032,linseed1
2033,linseed1
2034,linseed1
2035,linseed1
2036,linseed1
2037,linseed1
2038,linseed1
2039,linseed1
2040,linseed1
2041,linseed1
2042,linseed1
2043,linseed1
2044,linseed1
2045,linseed1
2046,linseed1
2047,linseed1
2048,linseed1
2049,linseed1
2050,linseed1
2051,linseed1
2052,linseed1
2053,linseed1
2054,linseed1
2055,linseed1
2056,linseed1
2057,linseed1
2058,linseed1
2059,linseed1
2060,linseed1
2061,linseed1
2062,linseed1
2063,linseed1
2064,linseed1
2065,linseed1
2066,linseed1
2067,linseed1
2068,linseed1
2069,linseed1
2070,linseed1
2071,linseed1
2072,linseed1
2073,linseed1
2074,linseed1
2075,linseed1
2076,linseed1
2077,linseed1
2078,linseed1
2079,linseed1
2080,linseed1
2081,linseed1
2082,linseed1
2083,linseed1
2084,linseed1
2085,linseed1
2086,linseed1
2087,linseed1
2088,linseed1
2089,linseed1
2090,linseed1
2091,linseed1
2092,linseed1
2093,linseed1
2094,linseed1
2095,linseed1
2096,linseed1
2097,linseed1
2098,linseed1
2099,linseed1
2100,linseed1
2101,linseed1
2102,linseed1
2103,linseed1
2104,linseed1
2105,linseed1
2106,linseed1
2107,linseed1
2108,linseed1
2109,linseed1
2110,linseed1
2111,linseed1
2112,linseed1
2113,linseed1
2114,linseed1
2115,linseed1
2116,linseed1
2117,linseed1
2118,linseed1
2119,linseed1
2120,linseed1
2121,linseed1
2122,linseed1
2123,linseed1
2124,linseed1
2125,linseed1
2126,linseed1
2127,linseed1
2128,linseed1
2129,linseed1
2130,linseed1
2131,linseed1
2132,linseed1
2133,linseed1
2134,linseed1
2135,linseed1
2136,linseed1
2137,linseed1
2138,linseed1
2139,linseed1
2140,linseed1
2141,linseed1
2142,linseed1
2143,linseed1
2144,linseed1
2145,linseed1
2146,linseed1
2147,linseed1
2148,linseed1
2149,linseed1
2150,linseed1
2151,linseed1
2152,linseed1
2153,linseed1
2154,linseed1
2155,linseed1
2156,linseed1
2157,linseed1
2158,linseed1
2159,linseed1
2160,linseed1
2161,linseed1
2162,linseed1
2163,linseed1
2164,linseed1
2165,linseed1
2166,linseed1
2167,linseed1
2168,linseed1
2169,linseed1
2170,linseed1
2171,linseed1
2172,linseed1
2173,linseed1
2174,linseed1
2175,linseed1
2176,linseed1
2177,linseed1
2178,linseed1
2179,linseed1
2180,linseed1
2181,linseed1
2182,linseed1
2183,linseed1
2184,linseed1
2185,linseed1
2186,linseed1
2187,linseed1
2188,linseed1
2189,linseed1
2190,linseed1
2191,linseed1
2192,linseed1
2193,linseed1
2194,linseed1
2195,linseed1
2196,linseed1
2197,linseed1
2198,linseed1
2199,linseed1
2200,pearlsugar1
2201,pearlsugar1
2202,pearlsugar1
2203,pearlsugar1
2204,pearlsugar1
2205,pearlsugar1
2206,pearlsugar1
2207,pearlsugar1
2208,pearlsugar1
2209,pearlsugar1
2210,pearlsugar1
2211,pearlsugar1
2212,pearlsugar1
2213,pearlsugar1
2214,pearlsugar1
2215,pearlsugar1
2216,pearlsugar1
2217,pearlsugar1
2218,pearlsugar1
2219,pearlsugar1
2220,pearlsugar1
2221,pearlsugar1
2222,pearlsugar1
2223,pearlsugar1
2224,pearlsugar1
2225,pearlsugar1
2226,pearlsugar1
2227,pearlsugar1
2228,pearlsugar1
2229,pearlsugar1
2230,pearlsugar1
2231,pearlsugar1
2232,pearlsugar1
2233,pearlsugar1
2234,pearlsugar1
2235,pearlsugar1
2236,pearlsugar1
2237,pearlsugar1
2238,pearlsugar1
2239,pearlsugar1
2240,pearlsugar1
2241,pearlsugar1
2242,pearlsugar1
2243,pearlsugar1
2244,pearlsugar1
2245,pearlsugar1
2246,pearlsugar1
2247,pearlsugar1
2248,pearlsugar1
2249,pearlsugar1
2250,pearlsugar1
2251,pearlsugar1
2252,pearlsugar1
2253,pearlsugar1
2254,pearlsugar1
2255,pearlsugar1
2256,pearlsugar1
2257,pearlsugar1
2258,pearlsugar1
2259,pearlsugar1
2260,pearlsugar1
2261,pearlsugar1
2262,pearlsugar1
2263,pearlsugar1
2264,pearlsugar1
2265,pearlsugar1
2266,pearlsugar1
2267,pearlsugar1
2268,pearlsugar1
2269,pearlsugar1
2270,pearlsugar1
2271,pearlsugar1
2272,pearlsugar1
2273,pearlsugar1
2274,pearlsugar1
2275,pearlsugar1
2276,pearlsugar1
2277,pearlsugar1
2278,pearlsugar1
2279,pearlsugar1
2280,pearlsugar1
2281,pearlsugar1
2282,pearlsugar1
2283,pearlsugar1
2284,pearlsugar1
2285,pearlsugar1
2286,pearlsugar1
2287,pearlsugar1
2288,pearlsugar1
2289,pearlsugar1
2290,pearlsugar1
2291,pearlsugar1
2292,pearlsugar1
2293,pearlsugar1
2294,pearlsugar1
2295,pearlsugar1
2296,pearlsugar1
2297,pearlsugar1
2298,pearlsugar1
2299,pearlsugar1
2300,pearlsugar1
2301,pearlsugar1
2302,pearlsugar1
2303,pearlsugar1
2304,pearlsugar1
2305,pearlsugar1
2306,pearlsugar1
2307,pearlsugar1
2308,pearlsugar1
2309,pearlsugar1
2310,pearlsugar1
2311,pearlsugar1
2312,pearlsugar1
2313,pearlsugar1
2314,pearlsugar1
2315,pearlsugar1
2316,pearlsugar1
2317,pearlsugar1
2318,pearlsugar1
2319,pearlsugar1
2320,pearlsugar1
2321,pearlsugar1
2322,pearlsugar1
2323,pearlsugar1
2324,pearlsugar1
2325,pearlsugar1
2326,pearlsugar1
2327,pearlsugar1
2328,pearlsugar1
2329,pearlsugar1
2330,pearlsugar1
2331,pearlsugar1
2332,pearlsugar1
2333,pearlsugar1
2334,pearlsugar1
2335,pearlsugar1
2336,pearlsugar1
2337,pearlsugar1
2338,pearlsugar1
2339,pearlsugar1
2340,pearlsugar1
2341,pearlsugar1
2342,pearlsugar1
2343,pearlsugar1
2344,pearlsugar1
2345,pearlsugar1
2346,pearlsugar1
2347,pearlsugar1
2348,pearlsugar1
2349,pearlsugar1
2350,pearlsugar1
2351,pearlsugar1
2352,pearlsugar1
2353,pearlsugar1
2354,pearlsugar1
2355,pearlsugar1
2356,pearlsugar1
2357,pearlsugar1
2358,pearlsugar1
2359,pearlsugar1
2360,pearlsugar1
2361,pearlsugar1
2362,pearlsugar1
2363,pearlsugar1
2364,pearlsugar1
2365,pearlsugar1
2366,pearlsugar1
2367,pearlsugar1
2368,pearlsugar1
2369,pearlsugar1
2370,pearlsugar1
2371,pearlsugar1
2372,pearlsugar1
2373,pearlsugar1
2374,pearlsugar1
2375,pearlsugar1
2376,pearlsugar1
2377,pearlsugar1
2378,pearlsugar1
2379,pearlsugar1
2380,pearlsugar1
2381,pearlsugar1
2382,pearlsugar1
2383,pearlsugar1
2384,pearlsugar1
2385,pearlsugar1
2386,pearlsugar1
2387,pearlsugar1
2388,pearlsugar1
2389,pearlsugar1
2390,pearlsugar1
2391,pearlsugar1
2392,pearlsugar1
2393,pearlsugar1
2394,pearlsugar1
2395,pearlsugar1
2396,pearlsugar1
2397,pearlsugar1
2398,pearlsugar1
2399,pearlsugar1
2400,rice1
2401,rice1
2402,rice1
2403,rice1
2404,rice1
2405,rice1
2406,rice1
2407,rice1
2408,rice1
2409,rice1
2410,rice1
2411,rice1
2412,rice1
2413,rice1
2414,rice1
2415,rice1
2416,rice1
2417,rice1
2418,rice1
2419,rice1
2420,rice1
2421,rice1
2422,rice1
2423,rice1
2424,rice1
2425,rice1
2426,rice1
2427,rice1
2428,rice1
2429,rice1
2430,rice1
2431,rice1
2432,rice1
2433,rice1
2434,rice1
2435,rice1
2436,rice1
2437,rice1
2438,rice1
2439,rice1
2440,rice1
2441,rice1
2442,rice1
2443,rice1
2444,rice1
2445,rice1
2446,rice1
2447,rice1
2448,rice1
2449,rice1
2450,rice1
2451,rice1
2452,rice1
2453,rice1
2454,rice1
2455,rice1
2456,rice1
2457,rice1
2458,rice1
2459,rice1
2460,rice1
2461,rice1
2462,rice1
2463,rice1
2464,rice1
2465,rice1
2466,rice1
2467,rice1
2468,rice1
2469,rice1
2470,rice1
2471,rice1
2472,rice1
2473,rice1
2474,rice1
2475,rice1
2476,rice1
2477,rice1
2478,rice1
2479,rice1
2480,rice1
2481,rice1
2482,rice1
2483,rice1
2484,rice1
2485,rice1
2486,rice1
2487,rice1
2488,rice1
2489,rice1
2490,rice1
2491,rice1
2492,rice1
2493,rice1
2494,rice1
2495,rice1
2496,rice1
2497,rice1
2498,rice1
2499,rice1
2500,rice1
2501,rice1
2502,rice1
2503,rice1
2504,rice1
2505,rice1
2506,rice1
2507,rice1
2508,rice1
2509,rice1
2510,rice1
2511,rice1
2512,rice1
2513,rice1
2514,rice1
2515,rice1
2516,rice1
2517,rice1
2518,rice1
2519,rice1
2520,rice1
2521,rice1
2522,rice1
2523,rice1
2524,rice1
2525,rice1
2526,rice1
2527,rice1
2528,rice1
2529,rice1
2530,rice1
2531,rice1
2532,rice1
2533,rice1
2534,rice1
2535,rice1
2536,rice1
2537,rice1
2538,rice1
2539,rice1
2540,rice1
2541,rice1
2542,rice1
2543,rice1
2544,rice1
2545,rice1
2546,rice1
2547,rice1
2548,rice1
2549,rice1
2550,rice1
2551,rice1
2552,rice1
2553,rice1
2554,rice1
2555,rice1
2556,rice1
2557,rice1
2558,rice1
2559,rice1
2560,rice1
2561,rice1
2562,rice1
2563,rice1
2564,rice1
2565,rice1
2566,rice1
2567,rice1
2568,rice1
2569,rice1
2570,rice1
2571,rice1
2572,rice1
2573,rice1
2574,rice1
2575,rice1
2576,rice1
2577,rice1
2578,rice1
2579,rice1
2580,rice1
2581,rice1
2582,rice1
2583,rice1
2584,rice1
2585,rice1
2586,rice1
2587,rice1
2588,rice1
2589,rice1
2590,rice1
2591,rice1
2592,rice1
2593,rice1
2594,rice1
2595,rice1
2596,rice1
2597,rice1
2598,rice1
2599,rice1
2600,rice2
2601,rice2
2602,rice2
2603,rice2
2604,rice2
2605,rice2
2606,rice2
2607,rice2
2608,rice2
2609,rice2
2610,rice2
2611,rice2
2612,rice2
2613,rice2
2614,rice2
2615,rice2
2616,rice2
2617,rice2
2618,rice2
2619,rice2
2620,rice2
2621,rice2
2622,rice2
2623,rice2
2624,rice2
2625,rice2
2626,rice2
2627,rice2
2628,rice2
2629,rice2
2630,rice2
2631,rice2
2632,rice2
2633,rice2
2634,rice2
2635,rice2
2636,rice2
2637,rice2
2638,rice2
2639,rice2
2640,rice2
2641,rice2
2642,rice2
2643,rice2
2644,rice2
2645,rice2
2646,rice2
2647,rice2
2648,rice2
2649,rice2
2650,rice2
2651,rice2
2652,rice2
2653,rice2
2654,rice2
2655,rice2
2656,rice2
2657,rice2
2658,rice2
2659,rice2
2660,rice2
2661,rice2
2662,rice2
2663,rice2
2664,rice2
2665,rice2
2666,rice2
2667,rice2
2668,rice2
2669,rice2
2670,rice2
2671,rice2
2672,rice2
2673,rice2
2674,rice2
2675,rice2
2676,rice2
2677,rice2
2678,rice2
2679,rice2
2680,rice2
2681,rice2
2682,rice2
2683,rice2
2684,rice2
2685,rice2
2686,rice2
2687,rice2
2688,rice2
2689,rice2
2690,rice2
2691,rice2
2692,rice2
2693,rice2
2694,rice2
2695,rice2
2696,rice2
2697,rice2
2698,rice2
2699,rice2
2700,rice2
2701,rice2
2702,rice2
2703,rice2
2704,rice2
2705,rice2
2706,rice2
2707,rice2
2708,rice2
2709,rice2
2710,rice2
2711,rice2
2712,rice2
2713,rice2
2714,rice2
2715,rice2
2716,rice2
2717,rice2
2718,rice2
2719,rice2
2720,rice2
2721,rice2
2722,rice2
2723,rice2
2724,rice2
2725,rice2
2726,rice2
2727,rice2
2728,rice2
2729,rice2
2730,rice2
2731,rice2
2732,rice2
2733,rice2
2734,rice2
2735,rice2
2736,rice2
2737,rice2
2738,rice2
2739,rice2
2740,rice2
2741,rice2
2742,rice2
2743,rice2
2744,rice2
2745,rice2
2746,rice2
2747,rice2
2748,rice2
2749,rice2
2750,rice2
2751,rice2
2752,rice2
2753,rice2
2754,rice2
2755,rice2
2756,rice2
2757,rice2
2758,rice2
2759,rice2
2760,rice2
2761,rice2
2762,rice2
2763,rice2
2764,rice2
2765,rice2
2766,rice2
2767,rice2
2768,rice2
2769,rice2
2770,rice2
2771,rice2
2772,rice2
2773,rice2
2774,rice2
2775,rice2
2776,rice2
2777,rice2
2778,rice2
2779,rice2
2780,rice2
2781,rice2
2782,rice2
2783,rice2
2784,rice2
2785,rice2
2786,rice2
2787,rice2
2788,rice2
2789,rice2
2790,rice2
2791,rice2
2792,rice2
2793,rice2
2794,rice2
2795,rice2
2796,rice2
2797,rice2
2798,rice2
2799,rice2
2800,sand1
2801,sand1
2802,sand1
2803,sand1
2804,sand1
2805,sand1
2806,sand1
2807,sand1
2808,sand1
2809,sand1
2810,sand1
2811,sand1
2812,sand1
2813,sand1
2814,sand1
2815,sand1
2816,sand1
2817,sand1
2818,sand1
2819,sand1
2820,sand1
2821,sand1
2822,sand1
2823,sand1
2824,sand1
2825,sand1
2826,sand1
2827,sand1
2828,sand1
2829,sand1
2830,sand1
2831,sand1
2832,sand1
2833,sand1
2834,sand1
2835,sand1
2836,sand1
2837,sand1
2838,sand1
2839,sand1
2840,sand1
2841,sand1
2842,sand1
2843,sand1
2844,sand1
2845,sand1
2846,sand1
2847,sand1
2848,sand1
2849,sand1
2850,sand1
2851,sand1
2852,sand1
2853,sand1
2854,sand1
2855,sand1
2856,sand1
2857,sand1
2858,sand1
2859,sand1
2860,sand1
2861,sand1
2862,sand1
2863,sand1
2864,sand1
2865,sand1
2866,sand1
2867,sand1
2868,sand1
2869,sand1
2870,sand1
2871,sand1
2872,sand1
2873,sand1
2874,sand1
2875,sand1
2876,sand1
2877,sand1
2878,sand1
2879,sand1
2880,sand1
2881,sand1
2882,sand1
2883,sand1
2884,sand1
2885,sand1
2886,sand1
2887,sand1
2888,sand1
2889,sand1
2890,sand1
2891,sand1
2892,sand1
2893,sand1
2894,sand1
2895,sand1
2896,sand1
2897,sand1
2898,sand1
2899,sand1
2900,sand1
2901,sand1
2902,sand1
2903,sand1
2904,sand1
2905,sand1
2906,sand1
2907,sand1
2908,sand1
2909,sand1
2910,sand1
2911,sand1
2912,sand1
2913,sand1
2914,sand1
2915,sand1
2916,sand1
2917,sand1
2918,sand1
2919,sand1
2920,sand1
2921,sand1
2922,sand1
2923,sand1
2924,sand1
2925,sand1
2926,sand1
2927,sand1
2928,sand1
2929,sand1
2930,sand1
2931,sand1
2932,sand1
2933,sand1
2934,sand1
2935,sand1
2936,sand1
2937,sand1
2938,sand1
2939,sand1
2940,sand1
2941,sand1
2942,sand1
2943,sand1
2944,sand1
2945,sand1
2946,sand1
2947,sand1
2948,sand1
2949,sand1
2950,sand1
2951,sand1
2952,sand1
2953,sand1
2954,sand1
2955,sand1
2956,sand1
2957,sand1
2958,sand1
2959,sand1
2960,sand1
2961,sand1
2962,sand1
2963,sand1
2964,sand1
2965,sand1
2966,sand1
2967,sand1
2968,sand1
2969,sand1
2970,sand1
2971,sand1
2972,sand1
2973,sand1
2974,sand1
2975,sand1
2976,sand1
2977,sand1
2978,sand1
2979,sand1
2980,sand1
2981,sand1
2982,sand1
2983,sand1
2984,sand1
2985,sand1
2986,sand1
2987,sand1
2988,sand1
2989,sand1
2990,sand1
2991,sand1
2992,sand1
2993,sand1
2994,sand1
2995,sand1
2996,sand1
2997,sand1
2998,sand1
2999,sand1
3000,scarf1
3001,scarf1
3002,scarf1
3003,scarf1
3004,scarf1
3005,scarf1
3006,scarf1
3007,scarf1
3008,scarf1
3009,scarf1
3010,scarf1
3011,scarf1
3012,scarf1
3013,scarf1
3014,scarf1
3015,scarf1
3016,scarf1
3017,scarf1
3018,scarf1
3019,scarf1
3020,scarf1
3021,scarf1
3022,scarf1
3023,scarf1
3024,scarf1
3025,scarf1
3026,scarf1
3027,scarf1
3028,scarf1
3029,scarf1
3030,scarf1
3031,scarf1
3032,scarf1
3033,scarf1
3034,scarf1
3035,scarf1
3036,scarf1
3037,scarf1
3038,scarf1
3039,scarf1
3040,scarf1
3041,scarf1
3042,scarf1
3043,scarf1
3044,scarf1
3045,scarf1
3046,scarf1
3047,scarf1
3048,scarf1
3049,scarf1
3050,scarf1
3051,scarf1
3052,scarf1
3053,scarf1
3054,scarf1
3055,scarf1
3056,scarf1
3057,scarf1
3058,scarf1
3059,scarf1
3060,scarf1
3061,scarf1
3062,scarf1
3063,scarf1
3064,scarf1
3065,scarf1
3066,scarf1
3067,scarf1
3068,scarf1
3069,scarf1
3070,scarf1
3071,scarf1
3072,scarf1
3073,scarf1
3074,scarf1
3075,scarf1
3076,scarf1
3077,scarf1
3078,scarf1
3079,scarf1
3080,scarf1
3081,scarf1
3082,scarf1
3083,scarf1
3084,scarf1
3085,scarf1
3086,scarf1
3087,scarf1
3088,scarf1
3089,scarf1
3090,scarf1
3091,scarf1
3092,scarf1
3093,scarf1
3094,scarf1
3095,scarf1
3096,scarf1
3097,scarf1
3098,scarf1
3099,scarf1
3100,scarf1
3101,scarf1
3102,scarf1
3103,scarf1
3104,scarf1
3105,scarf1
3106,scarf1
3107,scarf1
3108,scarf1
3109,scarf1
3110,scarf1
3111,scarf1
3112,scarf1
3113,scarf1
3114,scarf1
3115,scarf1
3116,scarf1
3117,scarf1
3118,scarf1
3119,scarf1
3120,scarf1
3121,scarf1
3122,scarf1
3123,scarf1
3124,scarf1
3125,scarf1
3126,scarf1
3127,scarf1
3128,scarf1
3129,scarf1
3130,scarf1
3131,scarf1
3132,scarf1
3133,scarf1
3134,scarf1
3135,scarf1
3136,scarf1
3137,scarf1
3138,scarf1
3139,scarf1
3140,scarf1
3141,scarf1
3142,scarf1
3143,scarf1
3144,scarf1
3145,scarf1
3146,scarf1
3147,scarf1
3148,scarf1
3149,scarf1
3150,scarf1
3151,scarf1
3152,scarf1
3153,scarf1
3154,scarf1
3155,scarf1
3156,scarf1
3157,scarf1
3158,scarf1
3159,scarf1
3160,scarf1
3161,scarf1
3162,scarf1
3163,scarf1
3164,scarf1
3165,scarf1
3166,scarf1
3167,scarf1
3168,scarf1
3169,scarf1
3170,scarf1
3171,scarf1
3172,scarf1
3173,scarf1
3174,scarf1
3175,scarf1
3176,scarf1
3177,scarf1
3178,scarf1
3179,scarf1
3180,scarf1
3181,scarf1
3182,scarf1
3183,scarf1
3184,scarf1
3185,scarf1
3186,scarf1
3187,scarf1
3188,scarf1
3189,scarf1
3190,scarf1
3191,scarf1
3192,scarf1
3193,scarf1
3194,scarf1
3195,scarf1
3196,scarf1
3197,scarf1
3198,scarf1
3199,scarf1
3200,scarf2
3201,scarf2
3202,scarf2
3203,scarf2
3204,scarf2
3205,scarf2
3206,scarf2
3207,scarf2
3208,scarf2
3209,scarf2
3210,scarf2
3211,scarf2
3212,scarf2
3213,scarf2
3214,scarf2
3215,scarf2
3216,scarf2
3217,scarf2
3218,scarf2
3219,scarf2
3220,scarf2
3221,scarf2
3222,scarf2
3223,scarf2
3224,scarf2
3225,scarf2
3226,scarf2
3227,scarf2
3228,scarf2
3229,scarf2
3230,scarf2
3231,scarf2
3232,scarf2
3233,scarf2
3234,scarf2
3235,scarf2
3236,scarf2
3237,scarf2
3238,scarf2
3239,scarf2
3240,scarf2
3241,scarf2
3242,scarf2
3243,scarf2
3244,scarf2
3245,scarf2
3246,scarf2
3247,scarf2
3248,scarf2
3249,scarf2
3250,scarf2
3251,scarf2
3252,scarf2
3253,scarf2
3254,scarf2
3255,scarf2
3256,scarf2
3257,scarf2
3258,scarf2
3259,scarf2
3260,scarf2
3261,scarf2
3262,scarf2
3263,scarf2
3264,scarf2
3265,scarf2
3266,scarf2
3267,scarf2
3268,scarf2
3269,scarf2
3270,scarf2
3271,scarf2
3272,scarf2
3273,scarf2
3274,scarf2
3275,scarf2
3276,scarf2
3277,scarf2
3278,scarf2
3279,scarf2
3280,scarf2
3281,scarf2
3282,scarf2
3283,scarf2
3284,scarf2
3285,scarf2
3286,scarf2
3287,scarf2
3288,scarf2
3289,scarf2
3290,scarf2
3291,scarf2
3292,scarf2
3293,scarf2
3294,scarf2
3295,scarf2
3296,scarf2
3297,scarf2
3298,scarf2
3299,scarf2
3300,scarf2
3301,scarf2
3302,scarf2
3303,scarf2
3304,scarf2
3305,scarf2
3306,scarf2
3307,scarf2
3308,scarf2
3309,scarf2
3310,scarf2
3311,scarf2
3312,scarf2
3313,scarf2
3314,scarf2
3315,scarf2
3316,scarf2
3317,scarf2
3318,scarf2
3319,scarf2
3320,scarf2
3321,scarf2
3322,scarf2
3323,scarf2
3324,scarf2
3325,scarf2
3326,scarf2
3327,scarf2
3328,scarf2
3329,scarf2
3330,scarf2
3331,scarf2
3332,scarf2
3333,scarf2
3334,scarf2
3335,scarf2
3336,scarf2
3337,scarf2
3338,scarf2
3339,scarf2
3340,scarf2
3341,scarf2
3342,scarf2
3343,scarf2
3344,scarf2
3345,scarf2
3346,scarf2
3347,scarf2
3348,scarf2
3349,scarf2
3350,scarf2
3351,scarf2
3352,scarf2
3353,scarf2
3354,scarf2
3355,scarf2
3356,scarf2
3357,scarf2
3358,scarf2
3359,scarf2
3360,scarf2
3361,scarf2
3362,scarf2
3363,scarf2
3364,scarf2
3365,scarf2
3366,scarf2
3367,scarf2
3368,scarf2
3369,scarf2
3370,scarf2
3371,scarf2
3372,scarf2
3373,scarf2
3374,scarf2
3375,scarf2
3376,scarf2
3377,scarf2
3378,scarf2
3379,scarf2
3380,scarf2
3381,scarf2
3382,scarf2
3383,scarf2
3384,scarf2
3385,scarf2
3386,scarf2
3387,scarf2
3388,scarf2
3389,scarf2
3390,scarf2
3391,scarf2
3392,scarf2
3393,scarf2
3394,scarf2
3395,scarf2
3396,scarf2
3397,scarf2
3398,scarf2
3399,scarf2
3400,screen1
3401,screen1
3402,screen1
3403,screen1
3404,screen1
3405,screen1
3406,screen1
3407,screen1
3408,screen1
3409,screen1
3410,screen1
3411,screen1
3412,screen1
3413,screen1
3414,screen1
3415,screen1
3416,screen1
3417,screen1
3418,screen1
3419,screen1
3420,screen1
3421,screen1
3422,screen1
3423,screen1
3424,screen1
3425,screen1
3426,screen1
3427,screen1
3428,screen1
3429,screen1
3430,screen1
3431,screen1
3432,screen1
3433,screen1
3434,screen1
3435,screen1
3436,screen1
3437,screen1
3438,screen1
3439,screen1
3440,screen1
3441,screen1
3442,screen1
3443,screen1
3444,screen1
3445,screen1
3446,screen1
3447,screen1
3448,screen1
3449,screen1
3450,screen1
3451,screen1
3452,screen1
3453,screen1
3454,screen1
3455,screen1
3456,screen1
3457,screen1
3458,screen1
3459,screen1
3460,screen1
3461,screen1
3462,screen1
3463,screen1
3464,screen1
3465,screen1
3466,screen1
3467,screen1
3468,screen1
3469,screen1
3470,screen1
3471,screen1
3472,screen1
3473,screen1
3474,screen1
3475,screen1
3476,screen1
3477,screen1
3478,screen1
3479,screen1
3480,screen1
3481,screen1
3482,screen1
3483,screen1
3484,screen1
3485,screen1
3486,screen1
3487,screen1
3488,screen1
3489,screen1
3490,screen1
3491,screen1
3492,screen1
3493,screen1
3494,screen1
3495,screen1
3496,screen1
3497,screen1
3498,screen1
3499,screen1
3500,screen1
3501,screen1
3502,screen1
3503,screen1
3504,screen1
3505,screen1
3506,screen1
3507,screen1
3508,screen1
3509,screen1
3510,screen1
3511,screen1
3512,screen1
3513,screen1
3514,screen1
3515,screen1
3516,screen1
3517,screen1
3518,screen1
3519,screen1
3520,screen1
3521,screen1
3522,screen1
3523,screen1
3524,screen1
3525,screen1
3526,screen1
3527,screen1
3528,screen1
3529,screen1
3530,screen1
3531,screen1
3532,screen1
3533,screen1
3534,screen1
3535,screen1
3536,screen1
3537,screen1
3538,screen1
3539,screen1
3540,screen1
3541,screen1
3542,screen1
3543,screen1
3544,screen1
3545,screen1
3546,screen1
3547,screen1
3548,screen1
3549,screen1
3550,screen1
3551,screen1
3552,screen1
3553,screen1
3554,screen1
3555,screen1
3556,screen1
3557,screen1
3558,screen1
3559,screen1
3560,screen1
3561,screen1
3562,screen1
3563,screen1
3564,screen1
3565,screen1
3566,screen1
3567,screen1
3568,screen1
3569,screen1
3570,screen1
3571,screen1
3572,screen1
3573,screen1
3574,screen1
3575,screen1
3576,screen1
3577,screen1
3578,screen1
3579,screen1
3580,screen1
3581,screen1
3582,screen1
3583,screen1
3584,screen1
3585,screen1
3586,screen1
3587,screen1
3588,screen1
3589,screen1
3590,screen1
3591,screen1
3592,screen1
3593,screen1
3594,screen1
3595,screen1
3596,screen1
3597,screen1
3598,screen1
3599,screen1
3600,seat1
3601,seat1
3602,seat1
3603,seat1
3604,seat1
3605,seat1
3606,seat1
3607,seat1
3608,seat1
3609,seat1
3610,seat1
3611,seat1
3612,seat1
3613,seat1
3614,seat1
3615,seat1
3616,seat1
3617,seat1
3618,seat1
3619,seat1
3620,seat1
3621,seat1
3622,seat1
3623,seat1
3624,seat1
3625,seat1
3626,seat1
3627,seat1
3628,seat1
3629,seat1
3630,seat1
3631,seat1
3632,seat1
3633,seat1
3634,seat1
3635,seat1
3636,seat1
3637,seat1
3638,seat1
3639,seat1
3640,seat1
3641,seat1
3642,seat1
3643,seat1
3644,seat1
3645,seat1
3646,seat1
3647,seat1
3648,seat1
3649,seat1
3650,seat1
3651,seat1
3652,seat1
3653,seat1
3654,seat1
3655,seat1
3656,seat1
3657,seat1
3658,seat1
3659,seat1
3660,seat1
3661,seat1
3662,seat1
3663,seat1
3664,seat1
3665,seat1
3666,seat1
3667,seat1
3668,seat1
3669,seat1
3670,seat1
3671,seat1
3672,seat1
3673,seat1
3674,seat1
3675,seat1
3676,seat1
3677,seat1
3678,seat1
3679,seat1
3680,seat1
3681,seat1
3682,seat1
3683,seat1
3684,seat1
3685,seat1
3686,seat1
3687,seat1
3688,seat1
3689,seat1
3690,seat1
3691,seat1
3692,seat1
3693,seat1
3694,seat1
3695,seat1
3696,seat1
3697,seat1
3698,seat1
3699,seat1
3700,seat1
3701,seat1
3702,seat1
3703,seat1
3704,seat1
3705,seat1
3706,seat1
3707,seat1
3708,seat1
3709,seat1
3710,seat1
3711,seat1
3712,seat1
3713,seat1
3714,seat1
3715,seat1
3716,seat1
3717,seat1
3718,seat1
3719,seat1
3720,seat1
3721,seat1
3722,seat1
3723,seat1
3724,seat1
3725,seat1
3726,seat1
3727,seat1
3728,seat1
3729,seat1
3730,seat1
3731,seat1
3732,seat1
3733,seat1
3734,seat1
3735,seat1
3736,seat1
3737,seat1
3738,seat1
3739,seat1
3740,seat1
3741,seat1
3742,seat1
3743,seat1
3744,seat1
3745,seat1
3746,seat1
3747,seat1
3748,seat1
3749,seat1
3750,seat1
3751,seat1
3752,seat1
3753,seat1
3754,seat1
3755,seat1
3756,seat1
3757,seat1
3758,seat1
3759,seat1
3760,seat1
3761,seat1
3762,seat1
3763,seat1
3764,seat1
3765,seat1
3766,seat1
3767,seat1
3768,seat1
3769,seat1
3770,seat1
3771,seat1
3772,seat1
3773,seat1
3774,seat1
3775,seat1
3776,seat1
3777,seat1
3778,seat1
3779,seat1
3780,seat1
3781,seat1
3782,seat1
3783,seat1
3784,seat1
3785,seat1
3786,seat1
3787,seat1
3788,seat1
3789,seat1
3790,seat1
3791,seat1
3792,seat1
3793,seat1
3794,seat1
3795,seat1
3796,seat1
3797,seat1
3798,seat1
3799,seat1
3800,seat2
3801,seat2
3802,seat2
3803,seat2
3804,seat2
3805,seat2
3806,seat2
3807,seat2
3808,seat2
3809,seat2
3810,seat2
3811,seat2
3812,seat2
3813,seat2
3814,seat2
3815,seat2
3816,seat2
3817,seat2
3818,seat2
3819,seat2
3820,seat2
3821,seat2
3822,seat2
3823,seat2
3824,seat2
3825,seat2
3826,seat2
3827,seat2
3828,seat2
3829,seat2
3830,seat2
3831,seat2
3832,seat2
3833,seat2
3834,seat2
3835,seat2
3836,seat2
3837,seat2
3838,seat2
3839,seat2
3840,seat2
3841,seat2
3842,seat2
3843,seat2
3844,seat2
3845,seat2
3846,seat2
3847,seat2
3848,seat2
3849,seat2
3850,seat2
3851,seat2
3852,seat2
3853,seat2
3854,seat2
3855,seat2
3856,seat2
3857,seat2
3858,seat2
3859,seat2
3860,seat2
3861,seat2
3862,seat2
3863,seat2
3864,seat2
3865,seat2
3866,seat2
3867,seat2
3868,seat2
3869,seat2
3870,seat2
3871,seat2
3872,seat2
3873,seat2
3874,seat2
3875,seat2
3876,seat2
3877,seat2
3878,seat2
3879,seat2
3880,seat2
3881,seat2
3882,seat2
3883,seat2
3884,seat2
3885,seat2
3886,seat2
3887,seat2
3888,seat2
3889,seat2
3890,seat2
3891,seat2
3892,seat2
3893,seat2
3894,seat2
3895,seat2
3896,seat2
3897,seat2
3898,seat2
3899,seat2
3900,seat2
3901,seat2
3902,seat2
3903,seat2
3904,seat2
3905,seat2
3906,seat2
3907,seat2
3908,seat2
3909,seat2
3910,seat2
3911,seat2
3912,seat2
3913,seat2
3914,seat2
3915,seat2
3916,seat2
3917,seat2
3918,seat2
3919,seat2
3920,seat2
3921,seat2
3922,seat2
3923,seat2
3924,seat2
3925,seat2
3926,seat2
3927,seat2
3928,seat2
3929,seat2
3930,seat2
3931,seat2
3932,seat2
3933,seat2
3934,seat2
3935,seat2
3936,seat2
3937,seat2
3938,seat2
3939,seat2
3940,seat2
3941,seat2
3942,seat2
3943,seat2
3944,seat2
3945,seat2
3946,seat2
3947,seat2
3948,seat2
3949,seat2
3950,seat2
3951,seat2
3952,seat2
3953,seat2
3954,seat2
3955,seat2
3956,seat2
3957,seat2
3958,seat2
3959,seat2
3960,seat2
3961,seat2
3962,seat2
3963,seat2
3964,seat2
3965,seat2
3966,seat2
3967,seat2
3968,seat2
3969,seat2
3970,seat2
3971,seat2
3972,seat2
3973,seat2
3974,seat2
3975,seat2
3976,seat2
3977,seat2
3978,seat2
3979,seat2
3980,seat2
3981,seat2
3982,seat2
3983,seat2
3984,seat2
3985,seat2
3986,seat2
3987,seat2
3988,seat2
3989,seat2
3990,seat2
3991,seat2
3992,seat2
3993,seat2
3994,seat2
3995,seat2
3996,seat2
3997,seat2
3998,seat2
3999,seat2
4000,sesameseeds1
4001,sesameseeds1
4002,sesameseeds1
4003,sesameseeds1
4004,sesameseeds1
4005,sesameseeds1
4006,sesameseeds1
4007,sesameseeds1
4008,sesameseeds1
4009,sesameseeds1
4010,sesameseeds1
4011,sesameseeds1
4012,sesameseeds1
4013,sesameseeds1
4014,sesameseeds1
4015,sesameseeds1
4016,sesameseeds1
4017,sesameseeds1
4018,sesameseeds1
4019,sesameseeds1
4020,sesameseeds1
4021,sesameseeds1
4022,sesameseeds1
4023,sesameseeds1
4024,sesameseeds1
4025,sesameseeds1
4026,sesameseeds1
4027,sesameseeds1
4028,sesameseeds1
4029,sesameseeds1
4030,sesameseeds1
4031,sesameseeds1
4032,sesameseeds1
4033,sesameseeds1
4034,sesameseeds1
4035,sesameseeds1
4036,sesameseeds1
4037,sesameseeds1
4038,sesameseeds1
4039,sesameseeds1
4040,sesameseeds1
4041,sesameseeds1
4042,sesameseeds1
4043,sesameseeds1
4044,sesameseeds1
4045,sesameseeds1
4046,sesameseeds1
4047,sesameseeds1
4048,sesameseeds1
4049,sesameseeds1
4050,sesameseeds1
4051,sesameseeds1
4052,sesameseeds1
4053,sesameseeds1
4054,sesameseeds1
4055,sesameseeds1
4056,sesameseeds1
4057,sesameseeds1
4058,sesameseeds1
4059,sesameseeds1
4060,sesameseeds1
4061,sesameseeds1
4062,sesameseeds1
4063,sesameseeds1
4064,sesameseeds1
4065,sesameseeds1
4066,sesameseeds1
4067,sesameseeds1
4068,sesameseeds1
4069,sesameseeds1
4070,sesameseeds1
4071,sesameseeds1
4072,sesameseeds1
4073,sesameseeds1
4074,sesameseeds1
4075,sesameseeds1
4076,sesameseeds1
4077,sesameseeds1
4078,sesameseeds1
4079,sesameseeds1
4080,sesameseeds1
4081,sesameseeds1
4082,sesameseeds1
4083,sesameseeds1
4084,sesameseeds1
4085,sesameseeds1
4086,sesameseeds1
4087,sesameseeds1
4088,sesameseeds1
4089,sesameseeds1
4090,sesameseeds1
4091,sesameseeds1
4092,sesameseeds1
4093,sesameseeds1
4094,sesameseeds1
4095,sesameseeds1
4096,sesameseeds1
4097,sesameseeds1
4098,sesameseeds1
4099,sesameseeds1
4100,sesameseeds1
4101,sesameseeds1
4102,sesameseeds1
4103,sesameseeds1
4104,sesameseeds1
4105,sesameseeds1
4106,sesameseeds1
4107,sesameseeds1
4108,sesameseeds1
4109,sesameseeds1
4110,sesameseeds1
4111,sesameseeds1
4112,sesameseeds1
4113,sesameseeds1
4114,sesameseeds1
4115,sesameseeds1
4116,sesameseeds1
4117,sesameseeds1
4118,sesameseeds1
4119,sesameseeds1
4120,sesameseeds1
4121,sesameseeds1
4122,sesameseeds1
4123,sesameseeds1
4124,sesameseeds1
4125,sesameseeds1
4126,sesameseeds1
4127,sesameseeds1
4128,sesameseeds1
4129,sesameseeds1
4130,sesameseeds1
4131,sesameseeds1
4132,sesameseeds1
4133,sesameseeds1
4134,sesameseeds1
4135,sesameseeds1
4136,sesameseeds1
4137,sesameseeds1
4138,sesameseeds1
4139,sesameseeds1
4140,sesameseeds1
4141,sesameseeds1
4142,sesameseeds1
4143,sesameseeds1
4144,sesameseeds1
4145,sesameseeds1
4146,sesameseeds1
4147,sesameseeds1
4148,sesameseeds1
4149,sesameseeds1
4150,sesameseeds1
4151,sesameseeds1
4152,sesameseeds1
4153,sesameseeds1
4154,sesameseeds1
4155,sesameseeds1
4156,sesameseeds1
4157,sesameseeds1
4158,sesameseeds1
4159,sesameseeds1
4160,sesameseeds1
4161,sesameseeds1
4162,sesameseeds1
4163,sesameseeds1
4164,sesameseeds1
4165,sesameseeds1
4166,sesameseeds1
4167,sesameseeds1
4168,sesameseeds1
4169,sesameseeds1
4170,sesameseeds1
4171,sesameseeds1
4172,sesameseeds1
4173,sesameseeds1
4174,sesameseeds1
4175,sesameseeds1
4176,sesameseeds1
4177,sesameseeds1
4178,sesameseeds1
4179,sesameseeds1
4180,sesameseeds1
4181,sesameseeds1
4182,sesameseeds1
4183,sesameseeds1
4184,sesameseeds1
4185,sesameseeds1
4186,sesameseeds1
4187,sesameseeds1
4188,sesameseeds1
4189,sesameseeds1
4190,sesameseeds1
4191,sesameseeds1
4192,sesameseeds1
4193,sesameseeds1
4194,sesameseeds1
4195,sesameseeds1
4196,sesameseeds1
4197,sesameseeds1
4198,sesameseeds1
4199,sesameseeds1
4200,stone1
4201,stone1
4202,stone1
4203,stone1
4204,stone1
4205,stone1
4206,stone1
4207,stone1
4208,stone1
4209,stone1
4210,stone1
4211,stone1
4212,stone1
4213,stone1
4214,stone1
4215,stone1
4216,stone1
4217,stone1
4218,stone1
4219,stone1
4220,stone1
4221,stone1
4222,stone1
4223,stone1
4224,stone1
4225,stone1
4226,stone1
4227,stone1
4228,stone1
4229,stone1
4230,stone1
4231,stone1
4232,stone1
4233,stone1
4234,stone1
4235,stone1
4236,stone1
4237,stone1
4238,stone1
4239,stone1
4240,stone1
4241,stone1
4242,stone1
4243,stone1
4244,stone1
4245,stone1
4246,stone1
4247,stone1
4248,stone1
4249,stone1
4250,stone1
4251,stone1
4252,stone1
4253,stone1
4254,stone1
4255,stone1
4256,stone1
4257,stone1
4258,stone1
4259,stone1
4260,stone1
4261,stone1
4262,stone1
4263,stone1
4264,stone1
4265,stone1
4266,stone1
4267,stone1
4268,stone1
4269,stone1
4270,stone1
4271,stone1
4272,stone1
4273,stone1
4274,stone1
4275,stone1
4276,stone1
4277,stone1
4278,stone1
4279,stone1
4280,stone1
4281,stone1
4282,stone1
4283,stone1
4284,stone1
4285,stone1
4286,stone1
4287,stone1
4288,stone1
4289,stone1
4290,stone1
4291,stone1
4292,stone1
4293,stone1
4294,stone1
4295,stone1
4296,stone1
4297,stone1
4298,stone1
4299,stone1
4300,stone1
4301,stone1
4302,stone1
4303,stone1
4304,stone1
4305,stone1
4306,stone1
4307,stone1
4308,stone1
4309,stone1
4310,stone1
4311,stone1
4312,stone1
4313,stone1
4314,stone1
4315,stone1
4316,stone1
4317,stone1
4318,stone1
4319,stone1
4320,stone1
4321,stone1
4322,stone1
4323,stone1
4324,stone1
4325,stone1
4326,stone1
4327,stone1
4328,stone1
4329,stone1
4330,stone1
4331,stone1
4332,stone1
4333,stone1
4334,stone1
4335,stone1
4336,stone1
4337,stone1
4338,stone1
4339,stone1
4340,stone1
4341,stone1
4342,stone1
4343,stone1
4344,stone1
4345,stone1
4346,stone1
4347,stone1
4348,stone1
4349,stone1
4350,stone1
4351,stone1
4352,stone1
4353,stone1
4354,stone1
4355,stone1
4356,stone1
4357,stone1
4358,stone1
4359,stone1
4360,stone1
4361,stone1
4362,stone1
4363,stone1
4364,stone1
4365,stone1
4366,stone1
4367,stone1
4368,stone1
4369,stone1
4370,stone1
4371,stone1
4372,stone1
4373,stone1
4374,stone1
4375,stone1
4376,stone1
4377,stone1
4378,stone1
4379,stone1
4380,stone1
4381,stone1
4382,stone1
4383,stone1
4384,stone1
4385,stone1
4386,stone1
4387,stone1
4388,stone1
4389,stone1
4390,stone1
4391,stone1
4392,stone1
4393,stone1
4394,stone1
4395,stone1
4396,stone1
4397,stone1
4398,stone1
4399,stone1
4400,stoneslab1
4401,stoneslab1
4402,stoneslab1
4403,stoneslab1
4404,stoneslab1
4405,stoneslab1
4406,stoneslab1
4407,stoneslab1
4408,stoneslab1
4409,stoneslab1
4410,stoneslab1
4411,stoneslab1
4412,stoneslab1
4413,stoneslab1
4414,stoneslab1
4415,stoneslab1
4416,stoneslab1
4417,stoneslab1
4418,stoneslab1
4419,stoneslab1
4420,stoneslab1
4421,stoneslab1
4422,stoneslab1
4423,stoneslab1
4424,stoneslab1
4425,stoneslab1
4426,stoneslab1
4427,stoneslab1
4428,stoneslab1
4429,stoneslab1
4430,stoneslab1
4431,stoneslab1
4432,stoneslab1
4433,stoneslab1
4434,stoneslab1
4435,stoneslab1
4436,stoneslab1
4437,stoneslab1
4438,stoneslab1
4439,stoneslab1
4440,stoneslab1
4441,stoneslab1
4442,stoneslab1
4443,stoneslab1
4444,stoneslab1
4445,stoneslab1
4446,stoneslab1
4447,stoneslab1
4448,stoneslab1
4449,stoneslab1
4450,stoneslab1
4451,stoneslab1
4452,stoneslab1
4453,stoneslab1
4454,stoneslab1
4455,stoneslab1
4456,stoneslab1
4457,stoneslab1
4458,stoneslab1
4459,stoneslab1
4460,stoneslab1
4461,stoneslab1
4462,stoneslab1
4463,stoneslab1
4464,stoneslab1
4465,stoneslab1
4466,stoneslab1
4467,stoneslab1
4468,stoneslab1
4469,stoneslab1
4470,stoneslab1
4471,stoneslab1
4472,stoneslab1
4473,stoneslab1
4474,stoneslab1
4475,stoneslab1
4476,stoneslab1
4477,stoneslab1
4478,stoneslab1
4479,stoneslab1
4480,stoneslab1
4481,stoneslab1
4482,stoneslab1
4483,stoneslab1
4484,stoneslab1
4485,stoneslab1
4486,stoneslab1
4487,stoneslab1
4488,stoneslab1
4489,stoneslab1
4490,stoneslab1
4491,stoneslab1
4492,stoneslab1
4493,stoneslab1
4494,stoneslab1
4495,stoneslab1
4496,stoneslab1
4497,stoneslab1
4498,stoneslab1
4499,stoneslab1
4500,stoneslab1
4501,stoneslab1
4502,stoneslab1
4503,stoneslab1
4504,stoneslab1
4505,stoneslab1
4506,stoneslab1
4507,stoneslab1
4508,stoneslab1
4509,stoneslab1
4510,stoneslab1
4511,stoneslab1
4512,stoneslab1
4513,stoneslab1
4514,stoneslab1
4515,stoneslab1
4516,stoneslab1
4517,stoneslab1
4518,stoneslab1
4519,stoneslab1
4520,stoneslab1
4521,stoneslab1
4522,stoneslab1
4523,stoneslab1
4524,stoneslab1
4525,stoneslab1
4526,stoneslab1
4527,stoneslab1
4528,stoneslab1
4529,stoneslab1
4530,stoneslab1
4531,stoneslab1
4532,stoneslab1
4533,stoneslab1
4534,stoneslab1
4535,stoneslab1
4536,stoneslab1
4537,stoneslab1
4538,stoneslab1
4539,stoneslab1
4540,stoneslab1
4541,stoneslab1
4542,stoneslab1
4543,stoneslab1
4544,stoneslab1
4545,stoneslab1
4546,stoneslab1
4547,stoneslab1
4548,stoneslab1
4549,stoneslab1
4550,stoneslab1
4551,stoneslab1
4552,stoneslab1
4553,stoneslab1
4554,stoneslab1
4555,stoneslab1
4556,stoneslab1
4557,stoneslab1
4558,stoneslab1
4559,stoneslab1
4560,stoneslab1
4561,stoneslab1
4562,stoneslab1
4563,stoneslab1
4564,stoneslab1
4565,stoneslab1
4566,stoneslab1
4567,stoneslab1
4568,stoneslab1
4569,stoneslab1
4570,stoneslab1
4571,stoneslab1
4572,stoneslab1
4573,stoneslab1
4574,stoneslab1
4575,stoneslab1
4576,stoneslab1
4577,stoneslab1
4578,stoneslab1
4579,stoneslab1
4580,stoneslab1
4581,stoneslab1
4582,stoneslab1
4583,stoneslab1
4584,stoneslab1
4585,stoneslab1
4586,stoneslab1
4587,stoneslab1
4588,stoneslab1
4589,stoneslab1
4590,stoneslab1
4591,stoneslab1
4592,stoneslab1
4593,stoneslab1
4594,stoneslab1
4595,stoneslab1
4596,stoneslab1
4597,stoneslab1
4598,stoneslab1
4599,stoneslab1
4600,wall1
4601,wall1
4602,wall1
4603,wall1
4604,wall1
4605,wall1
4606,wall1
4607,wall1
4608,wall1
4609,wall1
4610,wall1
4611,wall1
4612,wall1
4613,wall1
4614,wall1
4615,wall1
4616,wall1
4617,wall1
4618,wall1
4619,wall1
4620,wall1
4621,wall1
4622,wall1
4623,wall1
4624,wall1
4625,wall1
4626,wall1
4627,wall1
4628,wall1
4629,wall1
4630,wall1
4631,wall1
4632,wall1
4633,wall1
4634,wall1
4635,wall1
4636,wall1
4637,wall1
4638,wall1
4639,wall1
4640,wall1
4641,wall1
4642,wall1
4643,wall1
4644,wall1
4645,wall1
4646,wall1
4647,wall1
4648,wall1
4649,wall1
4650,wall1
4651,wall1
4652,wall1
4653,wall1
4654,wall1
4655,wall1
4656,wall1
4657,wall1
4658,wall1
4659,wall1
4660,wall1
4661,wall1
4662,wall1
4663,wall1
4664,wall1
4665,wall1
4666,wall1
4667,wall1
4668,wall1
4669,wall1
4670,wall1
4671,wall1
4672,wall1
4673,wall1
4674,wall1
4675,wall1
4676,wall1
4677,wall1
4678,wall1
4679,wall1
4680,wall1
4681,wall1
4682,wall1
4683,wall1
4684,wall1
4685,wall1
4686,wall1
4687,wall1
4688,wall1
4689,wall1
4690,wall1
4691,wall1
4692,wall1
4693,wall1
4694,wall1
4695,wall1
4696,wall1
4697,wall1
4698,wall1
4699,wall1
4700,wall1
4701,wall1
4702,wall1
4703,wall1
4704,wall1
4705,wall1
4706,wall1
4707,wall1
4708,wall1
4709,wall1
4710,wall1
4711,wall1
4712,wall1
4713,wall1
4714,wall1
4715,wall1
4716,wall1
4717,wall1
4718,wall1
4719,wall1
4720,wall1
4721,wall1
4722,wall1
4723,wall1
4724,wall1
4725,wall1
4726,wall1
4727,wall1
4728,wall1
4729,wall1
4730,wall1
4731,wall1
4732,wall1
4733,wall1
4734,wall1
4735,wall1
4736,wall1
4737,wall1
4738,wall1
4739,wall1
4740,wall1
4741,wall1
4742,wall1
4743,wall1
4744,wall1
4745,wall1
4746,wall1
4747,wall1
4748,wall1
4749,wall1
4750,wall1
4751,wall1
4752,wall1
4753,wall1
4754,wall1
4755,wall1
4756,wall1
4757,wall1
4758,wall1
4759,wall1
4760,wall1
4761,wall1
4762,wall1
4763,wall1
4764,wall1
4765,wall1
4766,wall1
4767,wall1
4768,wall1
4769,wall1
4770,wall1
4771,wall1
4772,wall1
4773,wall1
4774,wall1
4775,wall1
4776,wall1
4777,wall1
4778,wall1
4779,wall1
4780,wall1
4781,wall1
4782,wall1
4783,wall1
4784,wall1
4785,wall1
4786,wall1
4787,wall1
4788,wall1
4789,wall1
4790,wall1
4791,wall1
4792,wall1
4793,wall1
4794,wall1
4795,wall1
4796,wall1
4797,wall1
4798,wall1
4799,wall1
